{
    "total_runtime": 48.0618793964386,
    "num_documents": 1,
    "input_load_time": 0,
    "workflows": {
        "create_base_text_units": {
            "overall": 0.22608590126037598,
            "0_orderby": 0.0030715465545654297,
            "1_zip": 0.003110647201538086,
            "2_aggregate_override": 0.004620790481567383,
            "3_chunk": 0.15987730026245117,
            "4_select": 0.004451274871826172,
            "5_unroll": 0.005478858947753906,
            "6_rename": 0.004146099090576172,
            "7_genid": 0.00716853141784668,
            "8_unzip": 0.008633136749267578,
            "9_copy": 0.007143259048461914,
            "10_filter": 0.016416311264038086
        },
        "create_base_extracted_entities": {
            "overall": 29.82812523841858,
            "0_entity_extract": 29.806222438812256,
            "1_merge_graphs": 0.01759815216064453
        },
        "create_summarized_entities": {
            "overall": 2.810927629470825,
            "0_summarize_descriptions": 2.8059680461883545
        },
        "create_base_entity_graph": {
            "overall": 0.03662586212158203,
            "0_cluster_graph": 0.02472853660583496,
            "1_select": 0.006808280944824219
        },
        "create_final_entities": {
            "overall": 1.6652941703796387,
            "0_unpack_graph": 0.011289358139038086,
            "1_rename": 0.00728917121887207,
            "2_select": 0.009604215621948242,
            "3_dedupe": 0.008582353591918945,
            "4_rename": 0.007699251174926758,
            "5_filter": 0.020660400390625,
            "6_text_split": 0.009728431701660156,
            "7_drop": 0.00933074951171875,
            "8_merge": 0.020893573760986328,
            "9_text_embed": 1.5194439888000488,
            "10_drop": 0.010171890258789062,
            "11_filter": 0.024178028106689453
        },
        "create_final_nodes": {
            "overall": 0.17718243598937988,
            "0_layout_graph": 0.020459651947021484,
            "1_unpack_graph": 0.01407623291015625,
            "2_unpack_graph": 0.013683557510375977,
            "3_drop": 0.010646343231201172,
            "4_filter": 0.024051666259765625,
            "5_select": 0.010931253433227539,
            "6_rename": 0.01082754135131836,
            "7_join": 0.016287565231323242,
            "8_convert": 0.03575730323791504,
            "9_rename": 0.011795282363891602
        },
        "create_final_communities": {
            "overall": 0.2881591320037842,
            "0_unpack_graph": 0.015454530715942383,
            "1_unpack_graph": 0.01598834991455078,
            "2_aggregate_override": 0.014766454696655273,
            "3_join": 0.017856359481811523,
            "4_join": 0.018668174743652344,
            "5_concat": 0.013872623443603516,
            "6_filter": 0.031831979751586914,
            "7_aggregate_override": 0.022922277450561523,
            "8_join": 0.029744386672973633,
            "9_filter": 0.037371158599853516,
            "10_fill": 0.014064550399780273,
            "11_merge": 0.015160083770751953,
            "12_copy": 0.01438283920288086,
            "13_select": 0.01486515998840332
        },
        "join_text_units_to_entity_ids": {
            "overall": 0.06461882591247559,
            "0_select": 0.015208244323730469,
            "1_unroll": 0.018222808837890625,
            "2_aggregate_override": 0.017351388931274414
        },
        "create_final_relationships": {
            "overall": 0.212507963180542,
            "0_unpack_graph": 0.018781661987304688,
            "1_filter": 0.03598475456237793,
            "2_rename": 0.016497135162353516,
            "3_filter": 0.03618288040161133,
            "4_drop": 0.017017841339111328,
            "5_compute_edge_combined_degree": 0.02012181282043457,
            "6_convert": 0.03479576110839844,
            "7_convert": 0.017531871795654297
        },
        "join_text_units_to_relationship_ids": {
            "overall": 0.09402060508728027,
            "0_select": 0.018117427825927734,
            "1_unroll": 0.019428253173828125,
            "2_aggregate_override": 0.020757675170898438,
            "3_select": 0.01863574981689453
        },
        "create_final_community_reports": {
            "overall": 10.103462219238281,
            "0_prepare_community_reports_nodes": 0.02004837989807129,
            "1_prepare_community_reports_edges": 0.020824670791625977,
            "2_restore_community_hierarchy": 0.0223996639251709,
            "3_prepare_community_reports": 0.04619860649108887,
            "4_create_community_reports": 9.953862190246582,
            "5_window": 0.022156238555908203
        },
        "create_final_text_units": {
            "overall": 0.1651935577392578,
            "0_select": 0.020932674407958984,
            "1_rename": 0.02097034454345703,
            "2_join": 0.02703857421875,
            "3_join": 0.02723097801208496,
            "4_aggregate_override": 0.024800539016723633,
            "5_select": 0.024036645889282227
        },
        "create_base_documents": {
            "overall": 0.24787592887878418,
            "0_unroll": 0.02404952049255371,
            "1_select": 0.024148225784301758,
            "2_rename": 0.023985624313354492,
            "3_join": 0.027538537979125977,
            "4_aggregate_override": 0.025094985961914062,
            "5_join": 0.02748394012451172,
            "6_rename": 0.024534940719604492,
            "7_convert": 0.04973030090332031
        },
        "create_final_documents": {
            "overall": 0.07522749900817871,
            "0_rename": 0.051926612854003906
        }
    }
}